season,round,match_id,match_number,group,date,time,home_team_id,home_team,home_goals,away_team_id,away_team,away_goals,venue,city,state,championship
2026,1,831889,1,GRUPO ÚNICO,2026-01-28,19:30,20014,Fluminense,2.0,20013,Grêmio,1.0,Maracanã,Rio de Janeiro,RJ,Campeonato Brasileiro
2026,1,831890,2,GRUPO ÚNICO,2026-01-29,21:30,60175,Botafogo,4.0,59849,Cruzeiro,0.0,Nilton Santos,Rio de Janeiro,RJ,Campeonato Brasileiro
2026,1,831891,3,GRUPO ÚNICO,2026-01-28,21:30,20005,São Paulo,2.0,20016,Flamengo,1.0,Morumbi,Sao Paulo,SP,Campeonato Brasileiro
2026,1,831892,4,GRUPO ÚNICO,2026-01-28,20:00,20001,Corinthians,1.0,61377,Bahia,2.0,Vila Belmiro,Santos,SP,Campeonato Brasileiro
2026,1,831893,5,GRUPO ÚNICO,2026-01-29,20:00,20385,Mirassol,2.0,60646,Vasco da Gama Saf,1.0,José Maria de Campos Maia,Mirassol,SP,Campeonato Brasileiro
2026,1,831894,6,GRUPO ÚNICO,2026-01-28,19:00,62194,Atlético Mineiro,2.0,20002,Palmeiras,2.0,ARENA MRV,Belo Horizonte,MG,Campeonato Brasileiro
2026,1,831895,7,GRUPO ÚNICO,2026-01-28,19:00,20011,Internacional,0.0,20052,Athletico Paranaense,1.0,Beira-Rio,Porto Alegre,RS,Campeonato Brasileiro
2026,1,831896,8,GRUPO ÚNICO,2026-01-28,19:00,61590,Coritiba SAF,0.0,20007,Red Bull Bragantino,1.0,Couto Pereira,Curitiba,PR,Campeonato Brasileiro
2026,1,831897,9,GRUPO ÚNICO,2026-01-28,19:00,20018,Vitória,2.0,20022,Remo,0.0,Manoel Barradas,Salvador,BA,Campeonato Brasileiro
2026,1,831898,10,GRUPO ÚNICO,2026-01-28,20:00,20086,Chapecoense,4.0,20008,Santos FC,2.0,Arena Condá,Chapeco,SC,Campeonato Brasileiro
2026,2,831899,11,GRUPO ÚNICO,2026-02-04,19:00,20016,Flamengo,1.0,20011,Internacional,1.0,Maracanã,Rio de Janeiro,RJ,Campeonato Brasileiro
2026,2,831900,12,GRUPO ÚNICO,2026-02-05,20:00,60646,Vasco da Gama Saf,1.0,20086,Chapecoense,1.0,São Januário,Rio de Janeiro,RJ,Campeonato Brasileiro
2026,2,831901,13,GRUPO ÚNICO,2026-02-04,20:00,20008,Santos FC,1.0,20005,São Paulo,1.0,Vila Belmiro,Santos,SP,Campeonato Brasileiro
2026,2,831902,14,GRUPO ÚNICO,2026-02-04,21:30,20002,Palmeiras,5.0,20018,Vitória,1.0,Arena Barueri,Barueri,SP,Campeonato Brasileiro
2026,2,831903,15,GRUPO ÚNICO,2026-02-04,19:00,20007,Red Bull Bragantino,1.0,62194,Atlético Mineiro,0.0,Cícero de Souza Marques,Braganca Paulista,SP,Campeonato Brasileiro
2026,2,831904,16,GRUPO ÚNICO,2026-02-05,21:30,59849,Cruzeiro,1.0,61590,Coritiba SAF,2.0,Mineirão,Belo Horizonte,MG,Campeonato Brasileiro
2026,2,831905,17,GRUPO ÚNICO,2026-02-04,21:30,20013,Grêmio,5.0,60175,Botafogo,3.0,Arena do Grêmio,Porto Alegre,RS,Campeonato Brasileiro
2026,2,831906,18,GRUPO ÚNICO,2026-02-19,19:30,20052,Athletico Paranaense,0.0,20001,Corinthians,1.0,Arena da Baixada,Curitiba,PR,Campeonato Brasileiro
2026,2,831907,19,GRUPO ÚNICO,2026-02-05,19:00,61377,Bahia,1.0,20014,Fluminense,1.0,Arena Fonte Nova,Salvador,BA,Campeonato Brasileiro
2026,2,831908,20,GRUPO ÚNICO,2026-02-04,20:00,20022,Remo,2.0,20385,Mirassol,2.0,Mangueirão,Belem,PA,Campeonato Brasileiro
2026,3,831909,21,GRUPO ÚNICO,2026-02-12,19:30,20014,Fluminense,1.0,60175,Botafogo,0.0,Maracanã,Rio de Janeiro,RJ,Campeonato Brasileiro
2026,3,831910,22,GRUPO ÚNICO,2026-02-11,21:30,60646,Vasco da Gama Saf,0.0,61377,Bahia,1.0,São Januário,Rio de Janeiro,RJ,Campeonato Brasileiro
2026,3,831911,23,GRUPO ÚNICO,2026-02-11,21:30,20005,São Paulo,2.0,20013,Grêmio,0.0,Morumbi,Sao Paulo,SP,Campeonato Brasileiro
2026,3,831912,24,GRUPO ÚNICO,2026-02-12,20:00,20001,Corinthians,2.0,20007,Red Bull Bragantino,0.0,Neo Química Arena,Sao Paulo,SP,Campeonato Brasileiro
2026,3,831913,25,GRUPO ÚNICO,2026-02-11,19:00,20385,Mirassol,2.0,59849,Cruzeiro,2.0,José Maria de Campos Maia,Mirassol,SP,Campeonato Brasileiro
2026,3,831914,26,GRUPO ÚNICO,2026-02-11,20:00,62194,Atlético Mineiro,3.0,20022,Remo,3.0,ARENA MRV,Belo Horizonte,MG,Campeonato Brasileiro
2026,3,831915,27,GRUPO ÚNICO,2026-02-12,21:30,20011,Internacional,1.0,20002,Palmeiras,3.0,Beira-Rio,Porto Alegre,RS,Campeonato Brasileiro
2026,3,831916,28,GRUPO ÚNICO,2026-02-12,19:00,20052,Athletico Paranaense,2.0,20008,Santos FC,1.0,Arena da Baixada,Curitiba,PR,Campeonato Brasileiro
2026,3,831917,29,GRUPO ÚNICO,2026-02-10,21:30,20018,Vitória,1.0,20016,Flamengo,2.0,Manoel Barradas,Salvador,BA,Campeonato Brasileiro
2026,3,831918,30,GRUPO ÚNICO,2026-02-11,19:00,20086,Chapecoense,3.0,61590,Coritiba SAF,3.0,Arena Condá,Chapeco,SC,Campeonato Brasileiro
2026,4,831919,31,GRUPO ÚNICO,2026-09-02,19:30,20016,Flamengo,,20385,Mirassol,,Maracanã,Rio de Janeiro,RJ,Campeonato Brasileiro
2026,4,831920,32,GRUPO ÚNICO,2026-07-23,19:30,60175,Botafogo,0.0,20018,Vitória,0.0,Nilton Santos,Rio de Janeiro,RJ,Campeonato Brasileiro
2026,4,831921,33,GRUPO ÚNICO,2026-02-26,19:00,20008,Santos FC,2.0,60646,Vasco da Gama Saf,1.0,Vila Belmiro,Santos,SP,Campeonato Brasileiro
2026,4,831922,34,GRUPO ÚNICO,2026-02-25,21:30,20002,Palmeiras,2.0,20014,Fluminense,1.0,Arena Barueri,Barueri,SP,Campeonato Brasileiro
2026,4,831923,35,GRUPO ÚNICO,2026-02-25,19:00,20007,Red Bull Bragantino,1.0,20052,Athletico Paranaense,1.0,Cícero de Souza Marques,Braganca Paulista,SP,Campeonato Brasileiro
2026,4,831924,36,GRUPO ÚNICO,2026-02-25,20:00,59849,Cruzeiro,1.0,20001,Corinthians,1.0,Mineirão,Belo Horizonte,MG,Campeonato Brasileiro
2026,4,831925,37,GRUPO ÚNICO,2026-02-25,21:30,20013,Grêmio,2.0,62194,Atlético Mineiro,1.0,Arena do Grêmio,Porto Alegre,RS,Campeonato Brasileiro
2026,4,831926,38,GRUPO ÚNICO,2026-02-25,19:30,61590,Coritiba SAF,0.0,20005,São Paulo,1.0,Couto Pereira,Curitiba,PR,Campeonato Brasileiro
2026,4,831927,39,GRUPO ÚNICO,2026-07-17,19:30,61377,Bahia,2.0,20086,Chapecoense,0.0,Arena Fonte Nova,Salvador,BA,Campeonato Brasileiro
2026,4,831928,40,GRUPO ÚNICO,2026-02-25,19:00,20022,Remo,1.0,20011,Internacional,1.0,Mangueirão,Belem,PA,Campeonato Brasileiro
2026,5,831929,41,GRUPO ÚNICO,2026-03-11,21:30,20016,Flamengo,2.0,59849,Cruzeiro,0.0,Maracanã,Rio de Janeiro,RJ,Campeonato Brasileiro
2026,5,831930,42,GRUPO ÚNICO,2026-03-12,19:30,60646,Vasco da Gama Saf,2.0,20002,Palmeiras,1.0,São Januário,Rio de Janeiro,RJ,Campeonato Brasileiro
2026,5,831931,43,GRUPO ÚNICO,2026-03-12,20:00,20005,São Paulo,2.0,20086,Chapecoense,0.0,Canindé,Sao Paulo,SP,Campeonato Brasileiro
2026,5,831932,44,GRUPO ÚNICO,2026-03-11,21:30,20001,Corinthians,0.0,61590,Coritiba SAF,2.0,Neo Química Arena,Sao Paulo,SP,Campeonato Brasileiro
2026,5,831933,45,GRUPO ÚNICO,2026-03-10,21:30,20385,Mirassol,2.0,20008,Santos FC,2.0,José Maria de Campos Maia,Mirassol,SP,Campeonato Brasileiro
2026,5,831934,46,GRUPO ÚNICO,2026-03-11,19:00,62194,Atlético Mineiro,1.0,20011,Internacional,0.0,ARENA MRV,Belo Horizonte,MG,Campeonato Brasileiro
2026,5,831935,47,GRUPO ÚNICO,2026-03-12,21:30,20013,Grêmio,1.0,20007,Red Bull Bragantino,1.0,Arena do Grêmio,Porto Alegre,RS,Campeonato Brasileiro
2026,5,831936,48,GRUPO ÚNICO,2026-03-29,19:30,20052,Athletico Paranaense,4.0,60175,Botafogo,1.0,Arena da Baixada,Curitiba,PR,Campeonato Brasileiro
2026,5,831937,49,GRUPO ÚNICO,2026-03-11,20:00,61377,Bahia,1.0,20018,Vitória,1.0,Arena Fonte Nova,Salvador,BA,Campeonato Brasileiro
2026,5,831938,50,GRUPO ÚNICO,2026-03-12,19:00,20022,Remo,0.0,20014,Fluminense,2.0,Mangueirão,Belem,PA,Campeonato Brasileiro
2026,6,831939,51,GRUPO ÚNICO,2026-03-15,16:00,20014,Fluminense,3.0,20052,Athletico Paranaense,2.0,Maracanã,Rio de Janeiro,RJ,Campeonato Brasileiro
2026,6,831940,52,GRUPO ÚNICO,2026-03-14,20:30,60175,Botafogo,0.0,20016,Flamengo,3.0,Nilton Santos,Rio de Janeiro,RJ,Campeonato Brasileiro
2026,6,831941,53,GRUPO ÚNICO,2026-03-15,16:00,20008,Santos FC,1.0,20001,Corinthians,1.0,Vila Belmiro,Santos,SP,Campeonato Brasileiro
2026,6,831942,54,GRUPO ÚNICO,2026-03-15,18:30,20002,Palmeiras,1.0,20385,Mirassol,0.0,Nubank Parque,Sao Paulo,SP,Campeonato Brasileiro
2026,6,831943,55,GRUPO ÚNICO,2026-03-15,20:30,20007,Red Bull Bragantino,1.0,20005,São Paulo,2.0,Cícero de Souza Marques,Braganca Paulista,SP,Campeonato Brasileiro
2026,6,831944,56,GRUPO ÚNICO,2026-03-15,20:30,59849,Cruzeiro,3.0,60646,Vasco da Gama Saf,3.0,Mineirão,Belo Horizonte,MG,Campeonato Brasileiro
2026,6,831945,57,GRUPO ÚNICO,2026-03-15,16:00,20011,Internacional,0.0,61377,Bahia,1.0,Beira-Rio,Porto Alegre,RS,Campeonato Brasileiro
2026,6,831946,58,GRUPO ÚNICO,2026-03-15,18:30,61590,Coritiba SAF,1.0,20022,Remo,0.0,Couto Pereira,Curitiba,PR,Campeonato Brasileiro
2026,6,831947,59,GRUPO ÚNICO,2026-03-14,18:30,20018,Vitória,2.0,62194,Atlético Mineiro,0.0,Manoel Barradas,Salvador,BA,Campeonato Brasileiro
2026,6,831948,60,GRUPO ÚNICO,2026-03-16,20:00,20086,Chapecoense,1.0,20013,Grêmio,1.0,Arena Condá,Chapeco,SC,Campeonato Brasileiro
2026,7,831949,61,GRUPO ÚNICO,2026-03-19,20:00,20016,Flamengo,3.0,20022,Remo,0.0,Maracanã,Rio de Janeiro,RJ,Campeonato Brasileiro
2026,7,831950,62,GRUPO ÚNICO,2026-03-18,21:30,60646,Vasco da Gama Saf,3.0,20014,Fluminense,2.0,Maracanã,Rio de Janeiro,RJ,Campeonato Brasileiro
2026,7,831951,63,GRUPO ÚNICO,2026-03-18,21:30,20008,Santos FC,1.0,20011,Internacional,2.0,Vila Belmiro,Santos,SP,Campeonato Brasileiro
2026,7,831952,64,GRUPO ÚNICO,2026-03-18,19:00,20002,Palmeiras,2.0,60175,Botafogo,1.0,Nubank Parque,Sao Paulo,SP,Campeonato Brasileiro
2026,7,831953,65,GRUPO ÚNICO,2026-03-18,20:00,20385,Mirassol,0.0,61590,Coritiba SAF,1.0,José Maria de Campos Maia,Mirassol,SP,Campeonato Brasileiro
2026,7,831954,66,GRUPO ÚNICO,2026-03-18,20:00,62194,Atlético Mineiro,1.0,20005,São Paulo,0.0,ARENA MRV,Belo Horizonte,MG,Campeonato Brasileiro
2026,7,831955,67,GRUPO ÚNICO,2026-03-19,19:00,20013,Grêmio,2.0,20018,Vitória,0.0,Arena do Grêmio,Porto Alegre,RS,Campeonato Brasileiro
2026,7,831956,68,GRUPO ÚNICO,2026-03-18,19:30,20052,Athletico Paranaense,2.0,59849,Cruzeiro,1.0,Arena da Baixada,Curitiba,PR,Campeonato Brasileiro
2026,7,831957,69,GRUPO ÚNICO,2026-03-18,19:00,61377,Bahia,2.0,20007,Red Bull Bragantino,0.0,Arena Fonte Nova,Salvador,BA,Campeonato Brasileiro
2026,7,831958,70,GRUPO ÚNICO,2026-03-19,21:30,20086,Chapecoense,0.0,20001,Corinthians,0.0,Arena Condá,Chapeco,SC,Campeonato Brasileiro
2026,8,831959,71,GRUPO ÚNICO,2026-03-21,18:30,20014,Fluminense,1.0,62194,Atlético Mineiro,0.0,Maracanã,Rio de Janeiro,RJ,Campeonato Brasileiro
2026,8,831960,72,GRUPO ÚNICO,2026-03-22,16:00,60646,Vasco da Gama Saf,2.0,20013,Grêmio,1.0,São Januário,Rio de Janeiro,RJ,Campeonato Brasileiro
2026,8,831961,73,GRUPO ÚNICO,2026-03-21,21:00,20005,São Paulo,0.0,20002,Palmeiras,1.0,Morumbi,Sao Paulo,SP,Campeonato Brasileiro
2026,8,831962,74,GRUPO ÚNICO,2026-03-22,20:30,20001,Corinthians,1.0,20016,Flamengo,1.0,Neo Química Arena,Sao Paulo,SP,Campeonato Brasileiro
2026,8,831963,75,GRUPO ÚNICO,2026-03-21,16:00,20007,Red Bull Bragantino,1.0,60175,Botafogo,2.0,Cícero de Souza Marques,Braganca Paulista,SP,Campeonato Brasileiro
2026,8,831964,76,GRUPO ÚNICO,2026-03-22,16:00,59849,Cruzeiro,0.0,20008,Santos FC,0.0,Mineirão,Belo Horizonte,MG,Campeonato Brasileiro
2026,8,831965,77,GRUPO ÚNICO,2026-03-22,18:30,20011,Internacional,2.0,20086,Chapecoense,0.0,Beira-Rio,Porto Alegre,RS,Campeonato Brasileiro
2026,8,831966,78,GRUPO ÚNICO,2026-03-22,16:00,20052,Athletico Paranaense,2.0,61590,Coritiba SAF,0.0,Arena da Baixada,Curitiba,PR,Campeonato Brasileiro
2026,8,831967,79,GRUPO ÚNICO,2026-03-22,18:30,20018,Vitória,1.0,20385,Mirassol,0.0,Manoel Barradas,Salvador,BA,Campeonato Brasileiro
2026,8,831968,80,GRUPO ÚNICO,2026-03-22,16:00,20022,Remo,4.0,61377,Bahia,1.0,Mangueirão,Belem,PA,Campeonato Brasileiro
2026,9,831970,81,GRUPO ÚNICO,2026-04-01,21:30,20014,Fluminense,3.0,20001,Corinthians,1.0,Maracanã,Rio de Janeiro,RJ,Campeonato Brasileiro
2026,9,831971,82,GRUPO ÚNICO,2026-04-01,19:30,60175,Botafogo,3.0,20385,Mirassol,2.0,Nilton Santos,Rio de Janeiro,RJ,Campeonato Brasileiro
2026,9,831972,83,GRUPO ÚNICO,2026-04-02,19:00,20008,Santos FC,2.0,20022,Remo,0.0,Vila Belmiro,Santos,SP,Campeonato Brasileiro
2026,9,831973,84,GRUPO ÚNICO,2026-04-02,21:30,20002,Palmeiras,2.0,20013,Grêmio,1.0,Arena Barueri,Barueri,SP,Campeonato Brasileiro
2026,9,831974,85,GRUPO ÚNICO,2026-04-02,21:30,20007,Red Bull Bragantino,3.0,20016,Flamengo,0.0,Cícero de Souza Marques,Braganca Paulista,SP,Campeonato Brasileiro
2026,9,831975,86,GRUPO ÚNICO,2026-04-01,20:00,59849,Cruzeiro,3.0,20018,Vitória,0.0,Mineirão,Belo Horizonte,MG,Campeonato Brasileiro
2026,9,831976,87,GRUPO ÚNICO,2026-04-01,19:30,20011,Internacional,1.0,20005,São Paulo,1.0,Beira-Rio,Porto Alegre,RS,Campeonato Brasileiro
2026,9,831977,88,GRUPO ÚNICO,2026-04-01,20:30,61590,Coritiba SAF,1.0,60646,Vasco da Gama Saf,1.0,Couto Pereira,Curitiba,PR,Campeonato Brasileiro
2026,9,831978,89,GRUPO ÚNICO,2026-04-01,20:00,61377,Bahia,3.0,20052,Athletico Paranaense,0.0,Arena Fonte Nova,Salvador,BA,Campeonato Brasileiro
2026,9,831979,90,GRUPO ÚNICO,2026-04-02,19:00,20086,Chapecoense,0.0,62194,Atlético Mineiro,4.0,Arena Condá,Chapeco,SC,Campeonato Brasileiro
2026,10,831980,91,GRUPO ÚNICO,2026-04-05,17:30,20016,Flamengo,3.0,20008,Santos FC,1.0,Maracanã,Rio de Janeiro,RJ,Campeonato Brasileiro
2026,10,831981,92,GRUPO ÚNICO,2026-04-04,21:00,60646,Vasco da Gama Saf,1.0,60175,Botafogo,2.0,São Januário,Rio de Janeiro,RJ,Campeonato Brasileiro
2026,10,831982,93,GRUPO ÚNICO,2026-04-04,18:30,20005,São Paulo,4.0,59849,Cruzeiro,1.0,Morumbi,Sao Paulo,SP,Campeonato Brasileiro
2026,10,831983,94,GRUPO ÚNICO,2026-04-05,19:30,20001,Corinthians,0.0,20011,Internacional,1.0,Neo Química Arena,Sao Paulo,SP,Campeonato Brasileiro
2026,10,831984,95,GRUPO ÚNICO,2026-04-05,20:00,20385,Mirassol,0.0,20007,Red Bull Bragantino,1.0,José Maria de Campos Maia,Mirassol,SP,Campeonato Brasileiro
2026,10,831985,96,GRUPO ÚNICO,2026-04-05,17:30,62194,Atlético Mineiro,2.0,20052,Athletico Paranaense,1.0,ARENA MRV,Belo Horizonte,MG,Campeonato Brasileiro
2026,10,831986,97,GRUPO ÚNICO,2026-04-05,20:30,20013,Grêmio,0.0,20022,Remo,0.0,Arena do Grêmio,Porto Alegre,RS,Campeonato Brasileiro
2026,10,831987,98,GRUPO ÚNICO,2026-04-04,20:30,61590,Coritiba SAF,1.0,20014,Fluminense,1.0,Couto Pereira,Curitiba,PR,Campeonato Brasileiro
2026,10,831988,99,GRUPO ÚNICO,2026-04-05,19:30,61377,Bahia,1.0,20002,Palmeiras,2.0,Arena Fonte Nova,Salvador,BA,Campeonato Brasileiro
2026,10,831989,100,GRUPO ÚNICO,2026-04-05,16:00,20086,Chapecoense,1.0,20018,Vitória,1.0,Arena Condá,Chapeco,SC,Campeonato Brasileiro
2026,11,831990,101,GRUPO ÚNICO,2026-04-12,18:00,20014,Fluminense,1.0,20016,Flamengo,2.0,Maracanã,Rio de Janeiro,RJ,Campeonato Brasileiro
2026,11,831991,102,GRUPO ÚNICO,2026-04-12,16:00,60175,Botafogo,2.0,61590,Coritiba SAF,2.0,Nilton Santos,Rio de Janeiro,RJ,Campeonato Brasileiro
2026,11,831992,103,GRUPO ÚNICO,2026-04-11,20:00,20008,Santos FC,1.0,62194,Atlético Mineiro,0.0,Vila Belmiro,Santos,SP,Campeonato Brasileiro
2026,11,831993,104,GRUPO ÚNICO,2026-04-12,18:30,20001,Corinthians,0.0,20002,Palmeiras,0.0,Neo Química Arena,Sao Paulo,SP,Campeonato Brasileiro
2026,11,831994,105,GRUPO ÚNICO,2026-04-11,18:30,20385,Mirassol,1.0,61377,Bahia,2.0,José Maria de Campos Maia,Mirassol,SP,Campeonato Brasileiro
2026,11,831995,106,GRUPO ÚNICO,2026-04-12,18:30,59849,Cruzeiro,2.0,20007,Red Bull Bragantino,1.0,Mineirão,Belo Horizonte,MG,Campeonato Brasileiro
2026,11,831996,107,GRUPO ÚNICO,2026-04-11,20:30,20011,Internacional,0.0,20013,Grêmio,0.0,Beira-Rio,Porto Alegre,RS,Campeonato Brasileiro
2026,11,831997,108,GRUPO ÚNICO,2026-04-12,11:00,20052,Athletico Paranaense,2.0,20086,Chapecoense,0.0,Arena da Baixada,Curitiba,PR,Campeonato Brasileiro
2026,11,831998,109,GRUPO ÚNICO,2026-04-11,16:30,20018,Vitória,2.0,20005,São Paulo,0.0,Manoel Barradas,Salvador,BA,Campeonato Brasileiro
2026,11,831999,110,GRUPO ÚNICO,2026-04-11,16:30,20022,Remo,1.0,60646,Vasco da Gama Saf,1.0,Mangueirão,Belem,PA,Campeonato Brasileiro
2026,12,832000,111,GRUPO ÚNICO,2026-04-19,19:30,20016,Flamengo,2.0,61377,Bahia,0.0,Maracanã,Rio de Janeiro,RJ,Campeonato Brasileiro
2026,12,832001,112,GRUPO ÚNICO,2026-04-18,18:30,60646,Vasco da Gama Saf,2.0,20005,São Paulo,1.0,São Januário,Rio de Janeiro,RJ,Campeonato Brasileiro
2026,12,832002,113,GRUPO ÚNICO,2026-04-19,16:00,20008,Santos FC,2.0,20014,Fluminense,3.0,Vila Belmiro,Santos,SP,Campeonato Brasileiro
2026,12,832003,114,GRUPO ÚNICO,2026-04-19,18:30,20002,Palmeiras,1.0,20052,Athletico Paranaense,0.0,Nubank Parque,Sao Paulo,SP,Campeonato Brasileiro
2026,12,832004,115,GRUPO ÚNICO,2026-04-19,18:30,20007,Red Bull Bragantino,4.0,20022,Remo,2.0,Cícero de Souza Marques,Braganca Paulista,SP,Campeonato Brasileiro
2026,12,832005,116,GRUPO ÚNICO,2026-04-18,20:30,59849,Cruzeiro,2.0,20013,Grêmio,0.0,Mineirão,Belo Horizonte,MG,Campeonato Brasileiro
2026,12,832006,117,GRUPO ÚNICO,2026-04-19,11:00,20011,Internacional,1.0,20385,Mirassol,2.0,Beira-Rio,Porto Alegre,RS,Campeonato Brasileiro
2026,12,832007,118,GRUPO ÚNICO,2026-04-19,16:00,61590,Coritiba SAF,2.0,62194,Atlético Mineiro,0.0,Couto Pereira,Curitiba,PR,Campeonato Brasileiro
2026,12,832008,119,GRUPO ÚNICO,2026-04-18,20:00,20018,Vitória,0.0,20001,Corinthians,0.0,Manoel Barradas,Salvador,BA,Campeonato Brasileiro
2026,12,832009,120,GRUPO ÚNICO,2026-04-18,18:30,20086,Chapecoense,1.0,60175,Botafogo,4.0,Arena Condá,Chapeco,SC,Campeonato Brasileiro
2026,13,832010,121,GRUPO ÚNICO,2026-04-26,20:30,20014,Fluminense,2.0,20086,Chapecoense,1.0,Maracanã,Rio de Janeiro,RJ,Campeonato Brasileiro
2026,13,832011,122,GRUPO ÚNICO,2026-04-25,18:30,60175,Botafogo,2.0,20011,Internacional,2.0,Mané Garrincha,Brasilia,DF,Campeonato Brasileiro
2026,13,832012,123,GRUPO ÚNICO,2026-04-25,21:00,20005,São Paulo,1.0,20385,Mirassol,0.0,Brinco de Ouro,Campinas,SP,Campeonato Brasileiro
2026,13,832013,124,GRUPO ÚNICO,2026-04-26,16:00,20001,Corinthians,1.0,60646,Vasco da Gama Saf,0.0,Neo Química Arena,Sao Paulo,SP,Campeonato Brasileiro
2026,13,832014,125,GRUPO ÚNICO,2026-04-26,18:30,20007,Red Bull Bragantino,0.0,20002,Palmeiras,1.0,Cícero de Souza Marques,Braganca Paulista,SP,Campeonato Brasileiro
2026,13,832015,126,GRUPO ÚNICO,2026-04-26,20:30,62194,Atlético Mineiro,0.0,20016,Flamengo,4.0,ARENA MRV,Belo Horizonte,MG,Campeonato Brasileiro
2026,13,832016,127,GRUPO ÚNICO,2026-04-26,16:00,20013,Grêmio,1.0,61590,Coritiba SAF,0.0,Arena do Grêmio,Porto Alegre,RS,Campeonato Brasileiro
2026,13,832017,128,GRUPO ÚNICO,2026-04-26,18:30,20052,Athletico Paranaense,3.0,20018,Vitória,1.0,Arena da Baixada,Curitiba,PR,Campeonato Brasileiro
2026,13,832018,129,GRUPO ÚNICO,2026-04-25,18:30,61377,Bahia,2.0,20008,Santos FC,2.0,Arena Fonte Nova,Salvador,BA,Campeonato Brasileiro
2026,13,832019,130,GRUPO ÚNICO,2026-04-25,18:30,20022,Remo,0.0,59849,Cruzeiro,1.0,Baenão,Belem,PA,Campeonato Brasileiro
2026,14,832020,131,GRUPO ÚNICO,2026-05-03,16:00,20016,Flamengo,2.0,60646,Vasco da Gama Saf,2.0,Maracanã,Rio de Janeiro,RJ,Campeonato Brasileiro
2026,14,832021,132,GRUPO ÚNICO,2026-05-02,16:00,60175,Botafogo,1.0,20022,Remo,2.0,Nilton Santos,Rio de Janeiro,RJ,Campeonato Brasileiro
2026,14,832022,133,GRUPO ÚNICO,2026-05-03,16:00,20005,São Paulo,2.0,61377,Bahia,2.0,Cícero de Souza Marques,Braganca Paulista,SP,Campeonato Brasileiro
2026,14,832023,134,GRUPO ÚNICO,2026-05-02,18:30,20002,Palmeiras,1.0,20008,Santos FC,1.0,Nubank Parque,Sao Paulo,SP,Campeonato Brasileiro
2026,14,832024,135,GRUPO ÚNICO,2026-05-03,20:30,20385,Mirassol,2.0,20001,Corinthians,1.0,José Maria de Campos Maia,Mirassol,SP,Campeonato Brasileiro
2026,14,832025,136,GRUPO ÚNICO,2026-05-02,21:00,59849,Cruzeiro,1.0,62194,Atlético Mineiro,3.0,Mineirão,Belo Horizonte,MG,Campeonato Brasileiro
2026,14,832026,137,GRUPO ÚNICO,2026-05-03,18:30,20011,Internacional,2.0,20014,Fluminense,0.0,Beira-Rio,Porto Alegre,RS,Campeonato Brasileiro
2026,14,832027,138,GRUPO ÚNICO,2026-05-02,20:30,20052,Athletico Paranaense,0.0,20013,Grêmio,0.0,Arena da Baixada,Curitiba,PR,Campeonato Brasileiro
2026,14,832028,139,GRUPO ÚNICO,2026-05-02,18:30,20018,Vitória,4.0,61590,Coritiba SAF,1.0,Manoel Barradas,Salvador,BA,Campeonato Brasileiro
2026,14,832029,140,GRUPO ÚNICO,2026-05-03,18:30,20086,Chapecoense,1.0,20007,Red Bull Bragantino,2.0,Arena Condá,Chapeco,SC,Campeonato Brasileiro
2026,15,832030,141,GRUPO ÚNICO,2026-05-09,18:00,20014,Fluminense,2.0,20018,Vitória,2.0,Maracanã,Rio de Janeiro,RJ,Campeonato Brasileiro
2026,15,832031,142,GRUPO ÚNICO,2026-05-10,20:30,60646,Vasco da Gama Saf,1.0,20052,Athletico Paranaense,0.0,São Januário,Rio de Janeiro,RJ,Campeonato Brasileiro
2026,15,832032,143,GRUPO ÚNICO,2026-05-10,18:30,20008,Santos FC,2.0,20007,Red Bull Bragantino,0.0,Vila Belmiro,Santos,SP,Campeonato Brasileiro
2026,15,832033,144,GRUPO ÚNICO,2026-05-10,18:30,20001,Corinthians,3.0,20005,São Paulo,2.0,Neo Química Arena,Sao Paulo,SP,Campeonato Brasileiro
2026,15,832034,145,GRUPO ÚNICO,2026-05-10,18:30,20385,Mirassol,1.0,20086,Chapecoense,1.0,José Maria de Campos Maia,Mirassol,SP,Campeonato Brasileiro
2026,15,832035,146,GRUPO ÚNICO,2026-05-10,16:00,62194,Atlético Mineiro,1.0,60175,Botafogo,1.0,ARENA MRV,Belo Horizonte,MG,Campeonato Brasileiro
2026,15,832036,147,GRUPO ÚNICO,2026-05-10,19:30,20013,Grêmio,0.0,20016,Flamengo,1.0,Arena do Grêmio,Porto Alegre,RS,Campeonato Brasileiro
2026,15,832037,148,GRUPO ÚNICO,2026-05-09,16:00,61590,Coritiba SAF,2.0,20011,Internacional,2.0,Couto Pereira,Curitiba,PR,Campeonato Brasileiro
2026,15,832038,149,GRUPO ÚNICO,2026-05-09,21:00,61377,Bahia,1.0,59849,Cruzeiro,2.0,Arena Fonte Nova,Salvador,BA,Campeonato Brasileiro
2026,15,832039,150,GRUPO ÚNICO,2026-05-10,16:00,20022,Remo,1.0,20002,Palmeiras,1.0,Mangueirão,Belem,PA,Campeonato Brasileiro
2026,16,832040,151,GRUPO ÚNICO,2026-05-16,19:00,20014,Fluminense,2.0,20005,São Paulo,1.0,Maracanã,Rio de Janeiro,RJ,Campeonato Brasileiro
2026,16,832041,152,GRUPO ÚNICO,2026-05-17,16:00,60175,Botafogo,3.0,20001,Corinthians,1.0,Nilton Santos,Rio de Janeiro,RJ,Campeonato Brasileiro
2026,16,832042,153,GRUPO ÚNICO,2026-05-17,11:00,20008,Santos FC,0.0,61590,Coritiba SAF,3.0,Neo Química Arena,Sao Paulo,SP,Campeonato Brasileiro
2026,16,832043,154,GRUPO ÚNICO,2026-05-16,21:00,20002,Palmeiras,1.0,59849,Cruzeiro,1.0,Arena Barueri,Barueri,SP,Campeonato Brasileiro
2026,16,832044,155,GRUPO ÚNICO,2026-05-17,18:30,20007,Red Bull Bragantino,2.0,20018,Vitória,0.0,Cícero de Souza Marques,Braganca Paulista,SP,Campeonato Brasileiro
2026,16,832045,156,GRUPO ÚNICO,2026-05-16,18:30,62194,Atlético Mineiro,3.0,20385,Mirassol,1.0,ARENA MRV,Belo Horizonte,MG,Campeonato Brasileiro
2026,16,832046,157,GRUPO ÚNICO,2026-05-16,18:30,20011,Internacional,4.0,60646,Vasco da Gama Saf,1.0,Beira-Rio,Porto Alegre,RS,Campeonato Brasileiro
2026,16,832047,158,GRUPO ÚNICO,2026-05-17,19:30,20052,Athletico Paranaense,1.0,20016,Flamengo,1.0,Arena da Baixada,Curitiba,PR,Campeonato Brasileiro
2026,16,832048,159,GRUPO ÚNICO,2026-05-17,16:00,61377,Bahia,1.0,20013,Grêmio,1.0,Arena Fonte Nova,Salvador,BA,Campeonato Brasileiro
2026,16,832049,160,GRUPO ÚNICO,2026-05-17,18:30,20086,Chapecoense,2.0,20022,Remo,3.0,Arena Condá,Chapeco,SC,Campeonato Brasileiro
2026,17,832050,161,GRUPO ÚNICO,2026-05-23,21:00,20016,Flamengo,0.0,20002,Palmeiras,3.0,Maracanã,Rio de Janeiro,RJ,Campeonato Brasileiro
2026,17,832051,162,GRUPO ÚNICO,2026-05-24,20:30,60646,Vasco da Gama Saf,0.0,20007,Red Bull Bragantino,3.0,São Januário,Rio de Janeiro,RJ,Campeonato Brasileiro
2026,17,832052,163,GRUPO ÚNICO,2026-05-23,17:00,20005,São Paulo,1.0,60175,Botafogo,1.0,Morumbi,Sao Paulo,SP,Campeonato Brasileiro
2026,17,832053,164,GRUPO ÚNICO,2026-05-24,18:30,20001,Corinthians,1.0,62194,Atlético Mineiro,0.0,Neo Química Arena,Sao Paulo,SP,Campeonato Brasileiro
2026,17,832054,165,GRUPO ÚNICO,2026-05-23,19:00,20385,Mirassol,1.0,20014,Fluminense,0.0,José Maria de Campos Maia,Mirassol,SP,Campeonato Brasileiro
2026,17,832055,166,GRUPO ÚNICO,2026-05-24,16:00,59849,Cruzeiro,2.0,20086,Chapecoense,1.0,Mineirão,Belo Horizonte,MG,Campeonato Brasileiro
2026,17,832056,167,GRUPO ÚNICO,2026-05-23,19:00,20013,Grêmio,3.0,20008,Santos FC,2.0,Arena do Grêmio,Porto Alegre,RS,Campeonato Brasileiro
2026,17,832057,168,GRUPO ÚNICO,2026-05-25,20:00,61590,Coritiba SAF,3.0,61377,Bahia,2.0,Couto Pereira,Curitiba,PR,Campeonato Brasileiro
2026,17,832058,169,GRUPO ÚNICO,2026-05-23,17:00,20018,Vitória,2.0,20011,Internacional,0.0,Manoel Barradas,Salvador,BA,Campeonato Brasileiro
2026,17,832059,170,GRUPO ÚNICO,2026-05-24,16:00,20022,Remo,1.0,20052,Athletico Paranaense,2.0,Mangueirão,Belem,PA,Campeonato Brasileiro
2026,18,832060,171,GRUPO ÚNICO,2026-05-30,16:00,20016,Flamengo,3.0,61590,Coritiba SAF,0.0,Maracanã,Rio de Janeiro,RJ,Campeonato Brasileiro
2026,18,832061,172,GRUPO ÚNICO,2026-05-31,16:00,60646,Vasco da Gama Saf,0.0,62194,Atlético Mineiro,1.0,São Januário,Rio de Janeiro,RJ,Campeonato Brasileiro
2026,18,832062,173,GRUPO ÚNICO,2026-05-30,20:00,20008,Santos FC,3.0,20018,Vitória,1.0,Vila Belmiro,Santos,SP,Campeonato Brasileiro
2026,18,832063,174,GRUPO ÚNICO,2026-05-31,16:00,20002,Palmeiras,1.0,20086,Chapecoense,0.0,Nubank Parque,Sao Paulo,SP,Campeonato Brasileiro
2026,18,832064,175,GRUPO ÚNICO,2026-05-31,11:00,20007,Red Bull Bragantino,3.0,20011,Internacional,1.0,Cícero de Souza Marques,Braganca Paulista,SP,Campeonato Brasileiro
2026,18,832065,176,GRUPO ÚNICO,2026-05-31,20:30,59849,Cruzeiro,1.0,20014,Fluminense,1.0,Mineirão,Belo Horizonte,MG,Campeonato Brasileiro
2026,18,832066,177,GRUPO ÚNICO,2026-05-30,17:30,20013,Grêmio,1.0,20001,Corinthians,3.0,Arena do Grêmio,Porto Alegre,RS,Campeonato Brasileiro
2026,18,832067,178,GRUPO ÚNICO,2026-05-30,16:00,20052,Athletico Paranaense,1.0,20385,Mirassol,0.0,Arena da Baixada,Curitiba,PR,Campeonato Brasileiro
2026,18,832068,179,GRUPO ÚNICO,2026-05-30,17:30,61377,Bahia,2.0,60175,Botafogo,1.0,Arena Fonte Nova,Salvador,BA,Campeonato Brasileiro
2026,18,832069,180,GRUPO ÚNICO,2026-05-31,20:30,20022,Remo,1.0,20005,São Paulo,0.0,Mangueirão,Belem,PA,Campeonato Brasileiro
2026,19,832070,181,GRUPO ÚNICO,2026-07-17,20:00,20014,Fluminense,1.0,20007,Red Bull Bragantino,1.0,Maracanã,Rio de Janeiro,RJ,Campeonato Brasileiro
2026,19,832071,182,GRUPO ÚNICO,2026-07-16,19:30,60175,Botafogo,2.0,20008,Santos FC,1.0,Nilton Santos,Rio de Janeiro,RJ,Campeonato Brasileiro
2026,19,832072,183,GRUPO ÚNICO,2026-07-22,21:30,20005,São Paulo,1.0,20052,Athletico Paranaense,2.0,Cícero de Souza Marques,Braganca Paulista,SP,Campeonato Brasileiro
2026,19,832073,184,GRUPO ÚNICO,2026-07-23,19:30,20001,Corinthians,3.0,20022,Remo,0.0,Neo Química Arena,Sao Paulo,SP,Campeonato Brasileiro
2026,19,832074,185,GRUPO ÚNICO,2026-07-17,20:00,20385,Mirassol,2.0,20013,Grêmio,1.0,José Maria de Campos Maia,Mirassol,SP,Campeonato Brasileiro
2026,19,832075,186,GRUPO ÚNICO,2026-07-21,19:30,62194,Atlético Mineiro,1.0,61377,Bahia,1.0,ARENA MRV,Belo Horizonte,MG,Campeonato Brasileiro
2026,19,832076,187,GRUPO ÚNICO,2026-07-22,21:30,20011,Internacional,1.0,59849,Cruzeiro,2.0,Beira-Rio,Porto Alegre,RS,Campeonato Brasileiro
2026,19,832077,188,GRUPO ÚNICO,2026-07-22,19:30,61590,Coritiba SAF,1.0,20002,Palmeiras,3.0,Couto Pereira,Curitiba,PR,Campeonato Brasileiro
2026,19,832078,189,GRUPO ÚNICO,2026-07-16,19:30,20018,Vitória,1.0,60646,Vasco da Gama Saf,0.0,Manoel Barradas,Salvador,BA,Campeonato Brasileiro
2026,19,832079,190,GRUPO ÚNICO,2026-07-22,21:30,20086,Chapecoense,0.0,20016,Flamengo,4.0,Arena Condá,Chapeco,SC,Campeonato Brasileiro
2026,20,832080,191,GRUPO ÚNICO,2026-07-26,18:30,20016,Flamengo,1.0,20005,São Paulo,1.0,Maracanã,Rio de Janeiro,RJ,Campeonato Brasileiro
2026,20,832081,192,GRUPO ÚNICO,2026-07-25,20:30,60646,Vasco da Gama Saf,1.0,20385,Mirassol,1.0,São Januário,Rio de Janeiro,RJ,Campeonato Brasileiro
2026,20,832082,193,GRUPO ÚNICO,2026-07-25,18:30,20008,Santos FC,2.0,20086,Chapecoense,2.0,Vila Belmiro,Santos,SP,Campeonato Brasileiro
2026,20,832083,194,GRUPO ÚNICO,2026-07-26,19:30,20002,Palmeiras,1.0,62194,Atlético Mineiro,2.0,Nubank Parque,Sao Paulo,SP,Campeonato Brasileiro
2026,20,832084,195,GRUPO ÚNICO,2026-07-26,18:30,20007,Red Bull Bragantino,0.0,61590,Coritiba SAF,0.0,Cícero de Souza Marques,Braganca Paulista,SP,Campeonato Brasileiro
2026,20,832085,196,GRUPO ÚNICO,2026-07-26,16:00,59849,Cruzeiro,0.0,60175,Botafogo,1.0,Mineirão,Belo Horizonte,MG,Campeonato Brasileiro
2026,20,832086,197,GRUPO ÚNICO,2026-07-26,18:30,20013,Grêmio,1.0,20014,Fluminense,1.0,Arena do Grêmio,Porto Alegre,RS,Campeonato Brasileiro
2026,20,832087,198,GRUPO ÚNICO,2026-07-25,18:30,20052,Athletico Paranaense,2.0,20011,Internacional,0.0,Arena da Baixada,Curitiba,PR,Campeonato Brasileiro
2026,20,832088,199,GRUPO ÚNICO,2026-07-26,16:00,61377,Bahia,1.0,20001,Corinthians,1.0,Arena Fonte Nova,Salvador,BA,Campeonato Brasileiro
2026,20,832089,200,GRUPO ÚNICO,2026-07-26,19:30,20022,Remo,2.0,20018,Vitória,0.0,Mangueirão,Belem,PA,Campeonato Brasileiro
2026,21,832090,201,GRUPO ÚNICO,2026-07-29,21:30,20014,Fluminense,0.0,61377,Bahia,0.0,Maracanã,Rio de Janeiro,RJ,Campeonato Brasileiro
2026,21,832091,202,GRUPO ÚNICO,,,60175,Botafogo,,20013,Grêmio,,-  -,,,Campeonato Brasileiro
2026,21,832092,203,GRUPO ÚNICO,,,20005,São Paulo,,20008,Santos FC,,-  -,,,Campeonato Brasileiro
2026,21,832093,204,GRUPO ÚNICO,2026-07-30,19:30,20001,Corinthians,0.0,20052,Athletico Paranaense,0.0,Neo Química Arena,Sao Paulo,SP,Campeonato Brasileiro
2026,21,832094,205,GRUPO ÚNICO,2026-07-29,19:30,20385,Mirassol,2.0,20022,Remo,1.0,José Maria de Campos Maia,Mirassol,SP,Campeonato Brasileiro
2026,21,832095,206,GRUPO ÚNICO,,,62194,Atlético Mineiro,,20007,Red Bull Bragantino,,-  -,,,Campeonato Brasileiro
2026,21,832096,207,GRUPO ÚNICO,2026-07-29,19:30,20011,Internacional,1.0,20016,Flamengo,1.0,Beira-Rio,Porto Alegre,RS,Campeonato Brasileiro
2026,21,832097,208,GRUPO ÚNICO,2026-07-30,21:30,61590,Coritiba SAF,0.0,59849,Cruzeiro,1.0,Couto Pereira,Curitiba,PR,Campeonato Brasileiro
2026,21,832098,209,GRUPO ÚNICO,2026-07-29,21:30,20018,Vitória,0.0,20002,Palmeiras,4.0,Manoel Barradas,Salvador,BA,Campeonato Brasileiro
2026,21,832099,210,GRUPO ÚNICO,,,20086,Chapecoense,,60646,Vasco da Gama Saf,,-  -,,,Campeonato Brasileiro
2026,22,832100,211,GRUPO ÚNICO,2026-08-09,19:30,20016,Flamengo,2.0,20018,Vitória,0.0,Maracanã,Rio de Janeiro,RJ,Campeonato Brasileiro
2026,22,832101,212,GRUPO ÚNICO,2026-08-08,21:00,60175,Botafogo,1.0,20014,Fluminense,1.0,Nilton Santos,Rio de Janeiro,RJ,Campeonato Brasileiro
2026,22,832102,213,GRUPO ÚNICO,2026-08-09,18:30,20008,Santos FC,0.0,20052,Athletico Paranaense,2.0,Vila Belmiro,Santos,SP,Campeonato Brasileiro
2026,22,832103,214,GRUPO ÚNICO,2026-08-09,16:00,20002,Palmeiras,0.0,20011,Internacional,0.0,Nubank Parque,Sao Paulo,SP,Campeonato Brasileiro
2026,22,832104,215,GRUPO ÚNICO,2026-08-09,18:30,20007,Red Bull Bragantino,0.0,20001,Corinthians,2.0,Cícero de Souza Marques,Braganca Paulista,SP,Campeonato Brasileiro
2026,22,832105,216,GRUPO ÚNICO,2026-08-09,11:00,59849,Cruzeiro,3.0,20385,Mirassol,1.0,Mineirão,Belo Horizonte,MG,Campeonato Brasileiro
2026,22,832106,217,GRUPO ÚNICO,2026-08-08,16:00,20013,Grêmio,2.0,20005,São Paulo,1.0,Arena do Grêmio,Porto Alegre,RS,Campeonato Brasileiro
2026,22,832107,218,GRUPO ÚNICO,2026-08-08,20:30,61590,Coritiba SAF,2.0,20086,Chapecoense,1.0,Couto Pereira,Curitiba,PR,Campeonato Brasileiro
2026,22,832108,219,GRUPO ÚNICO,2026-08-09,16:00,61377,Bahia,0.0,60646,Vasco da Gama Saf,0.0,Arena Fonte Nova,Salvador,BA,Campeonato Brasileiro
2026,22,832109,220,GRUPO ÚNICO,2026-08-08,18:30,20022,Remo,2.0,62194,Atlético Mineiro,2.0,Mangueirão,Belem,PA,Campeonato Brasileiro
2026,23,832110,221,GRUPO ÚNICO,2026-08-15,16:30,20014,Fluminense,3.0,20002,Palmeiras,2.0,Maracanã,Rio de Janeiro,RJ,Campeonato Brasileiro
2026,23,832111,222,GRUPO ÚNICO,2026-08-16,16:00,60646,Vasco da Gama Saf,0.0,20008,Santos FC,3.0,São Januário,Rio de Janeiro,RJ,Campeonato Brasileiro
2026,23,832112,223,GRUPO ÚNICO,2026-08-15,21:00,20005,São Paulo,1.0,61590,Coritiba SAF,1.0,Morumbi,Sao Paulo,SP,Campeonato Brasileiro
2026,23,832113,224,GRUPO ÚNICO,2026-08-16,19:30,20001,Corinthians,1.0,59849,Cruzeiro,2.0,Neo Química Arena,Sao Paulo,SP,Campeonato Brasileiro
2026,23,832114,225,GRUPO ÚNICO,2026-08-16,18:30,20385,Mirassol,1.0,20016,Flamengo,5.0,José Maria de Campos Maia,Mirassol,SP,Campeonato Brasileiro
2026,23,832115,226,GRUPO ÚNICO,2026-08-16,16:00,62194,Atlético Mineiro,3.0,20013,Grêmio,0.0,ARENA MRV,Belo Horizonte,MG,Campeonato Brasileiro
2026,23,832116,227,GRUPO ÚNICO,2026-08-17,20:00,20011,Internacional,1.0,20022,Remo,1.0,Beira-Rio,Porto Alegre,RS,Campeonato Brasileiro
2026,23,832117,228,GRUPO ÚNICO,2026-08-15,18:30,20052,Athletico Paranaense,1.0,20007,Red Bull Bragantino,1.0,Arena da Baixada,Curitiba,PR,Campeonato Brasileiro
2026,23,832118,229,GRUPO ÚNICO,2026-08-16,18:30,20018,Vitória,1.0,60175,Botafogo,0.0,Manoel Barradas,Salvador,BA,Campeonato Brasileiro
2026,23,832119,230,GRUPO ÚNICO,2026-08-16,11:00,20086,Chapecoense,3.0,61377,Bahia,3.0,Arena Condá,Chapeco,SC,Campeonato Brasileiro
2026,24,832120,231,GRUPO ÚNICO,2026-08-22,16:00,20014,Fluminense,2.0,20022,Remo,1.0,Maracanã,Rio de Janeiro,RJ,Campeonato Brasileiro
2026,24,832121,232,GRUPO ÚNICO,2026-08-24,20:00,60175,Botafogo,2.0,20052,Athletico Paranaense,3.0,Nilton Santos,Rio de Janeiro,RJ,Campeonato Brasileiro
2026,24,832122,233,GRUPO ÚNICO,2026-08-23,18:30,20008,Santos FC,1.0,20385,Mirassol,1.0,Vila Belmiro,Santos,SP,Campeonato Brasileiro
2026,24,832123,234,GRUPO ÚNICO,2026-08-23,16:00,20002,Palmeiras,4.0,60646,Vasco da Gama Saf,1.0,Nubank Parque,Sao Paulo,SP,Campeonato Brasileiro
2026,24,832124,235,GRUPO ÚNICO,2026-08-23,16:00,20007,Red Bull Bragantino,1.0,20013,Grêmio,0.0,Cícero de Souza Marques,Braganca Paulista,SP,Campeonato Brasileiro
2026,24,832125,236,GRUPO ÚNICO,2026-08-22,20:30,59849,Cruzeiro,2.0,20016,Flamengo,1.0,Mineirão,Belo Horizonte,MG,Campeonato Brasileiro
2026,24,832126,237,GRUPO ÚNICO,2026-08-22,18:30,20011,Internacional,0.0,62194,Atlético Mineiro,0.0,Beira-Rio,Porto Alegre,RS,Campeonato Brasileiro
2026,24,832127,238,GRUPO ÚNICO,2026-08-23,19:30,61590,Coritiba SAF,2.0,20001,Corinthians,1.0,Couto Pereira,Curitiba,PR,Campeonato Brasileiro
2026,24,832128,239,GRUPO ÚNICO,2026-08-23,16:00,20018,Vitória,0.0,61377,Bahia,2.0,Manoel Barradas,Salvador,BA,Campeonato Brasileiro
2026,24,832129,240,GRUPO ÚNICO,2026-08-23,18:30,20086,Chapecoense,1.0,20005,São Paulo,0.0,Arena Condá,Chapeco,SC,Campeonato Brasileiro
2026,25,832130,241,GRUPO ÚNICO,2026-08-30,16:00,20016,Flamengo,3.0,60175,Botafogo,0.0,Maracanã,Rio de Janeiro,RJ,Campeonato Brasileiro
2026,25,832131,242,GRUPO ÚNICO,2026-08-29,21:20,60646,Vasco da Gama Saf,3.0,59849,Cruzeiro,1.0,São Januário,Rio de Janeiro,RJ,Campeonato Brasileiro
2026,25,832132,243,GRUPO ÚNICO,2026-08-29,20:00,20005,São Paulo,2.0,20007,Red Bull Bragantino,1.0,Morumbi,Sao Paulo,SP,Campeonato Brasileiro
2026,25,832133,244,GRUPO ÚNICO,2026-08-30,16:00,20001,Corinthians,0.0,20008,Santos FC,1.0,Neo Química Arena,Sao Paulo,SP,Campeonato Brasileiro
2026,25,832134,245,GRUPO ÚNICO,2026-08-30,18:30,20385,Mirassol,1.0,20002,Palmeiras,1.0,José Maria de Campos Maia,Mirassol,SP,Campeonato Brasileiro
2026,25,832135,246,GRUPO ÚNICO,2026-08-29,18:30,62194,Atlético Mineiro,2.0,20018,Vitória,1.0,ARENA MRV,Belo Horizonte,MG,Campeonato Brasileiro
2026,25,832136,247,GRUPO ÚNICO,2026-08-30,18:30,20013,Grêmio,3.0,20086,Chapecoense,1.0,Arena do Grêmio,Porto Alegre,RS,Campeonato Brasileiro
2026,25,832137,248,GRUPO ÚNICO,2026-08-30,11:00,20052,Athletico Paranaense,3.0,20014,Fluminense,3.0,Arena da Baixada,Curitiba,PR,Campeonato Brasileiro
2026,25,832138,249,GRUPO ÚNICO,2026-08-30,19:30,61377,Bahia,3.0,20011,Internacional,2.0,Arena Fonte Nova,Salvador,BA,Campeonato Brasileiro
2026,25,832139,250,GRUPO ÚNICO,2026-08-31,20:00,20022,Remo,,61590,Coritiba SAF,,Mangueirão,Belem,PA,Campeonato Brasileiro
2026,26,832140,251,GRUPO ÚNICO,2026-09-05,21:00,20014,Fluminense,,60646,Vasco da Gama Saf,,Maracanã,Rio de Janeiro,RJ,Campeonato Brasileiro
2026,26,832141,252,GRUPO ÚNICO,2026-09-06,18:30,60175,Botafogo,,20002,Palmeiras,,Nilton Santos,Rio de Janeiro,RJ,Campeonato Brasileiro
2026,26,832142,253,GRUPO ÚNICO,2026-09-05,18:30,20005,São Paulo,,62194,Atlético Mineiro,,Morumbi,Sao Paulo,SP,Campeonato Brasileiro
2026,26,832143,254,GRUPO ÚNICO,2026-09-06,19:30,20001,Corinthians,,20086,Chapecoense,,Neo Química Arena,Sao Paulo,SP,Campeonato Brasileiro
2026,26,832144,255,GRUPO ÚNICO,2026-09-05,16:00,20007,Red Bull Bragantino,,61377,Bahia,,Cícero de Souza Marques,Braganca Paulista,SP,Campeonato Brasileiro
2026,26,832145,256,GRUPO ÚNICO,2026-09-06,16:00,59849,Cruzeiro,,20052,Athletico Paranaense,,Mineirão,Belo Horizonte,MG,Campeonato Brasileiro
2026,26,832146,257,GRUPO ÚNICO,2026-09-06,16:00,20011,Internacional,,20008,Santos FC,,Beira-Rio,Porto Alegre,RS,Campeonato Brasileiro
2026,26,832147,258,GRUPO ÚNICO,2026-09-06,11:00,61590,Coritiba SAF,,20385,Mirassol,,Couto Pereira,Curitiba,PR,Campeonato Brasileiro
2026,26,832148,259,GRUPO ÚNICO,2026-09-07,20:00,20018,Vitória,,20013,Grêmio,,Manoel Barradas,Salvador,BA,Campeonato Brasileiro
2026,26,832149,260,GRUPO ÚNICO,2026-09-06,16:00,20022,Remo,,20016,Flamengo,,Mangueirão,Belem,PA,Campeonato Brasileiro
2026,27,832151,261,GRUPO ÚNICO,,,20016,Flamengo,,20001,Corinthians,,-  -,,,Campeonato Brasileiro
2026,27,832152,262,GRUPO ÚNICO,,,60175,Botafogo,,20007,Red Bull Bragantino,,-  -,,,Campeonato Brasileiro
2026,27,832153,263,GRUPO ÚNICO,,,20008,Santos FC,,59849,Cruzeiro,,-  -,,,Campeonato Brasileiro
2026,27,832154,264,GRUPO ÚNICO,,,20002,Palmeiras,,20005,São Paulo,,-  -,,,Campeonato Brasileiro
2026,27,832155,265,GRUPO ÚNICO,,,20385,Mirassol,,20018,Vitória,,-  -,,,Campeonato Brasileiro
2026,27,832156,266,GRUPO ÚNICO,,,62194,Atlético Mineiro,,20014,Fluminense,,-  -,,,Campeonato Brasileiro
2026,27,832157,267,GRUPO ÚNICO,,,20013,Grêmio,,60646,Vasco da Gama Saf,,-  -,,,Campeonato Brasileiro
2026,27,832158,268,GRUPO ÚNICO,,,61590,Coritiba SAF,,20052,Athletico Paranaense,,-  -,,,Campeonato Brasileiro
2026,27,832159,269,GRUPO ÚNICO,,,61377,Bahia,,20022,Remo,,-  -,,,Campeonato Brasileiro
2026,27,832160,270,GRUPO ÚNICO,,,20086,Chapecoense,,20011,Internacional,,-  -,,,Campeonato Brasileiro
2026,28,832161,271,GRUPO ÚNICO,,,20016,Flamengo,,20007,Red Bull Bragantino,,-  -,,,Campeonato Brasileiro
2026,28,832162,272,GRUPO ÚNICO,,,60646,Vasco da Gama Saf,,61590,Coritiba SAF,,-  -,,,Campeonato Brasileiro
2026,28,832163,273,GRUPO ÚNICO,,,20005,São Paulo,,20011,Internacional,,-  -,,,Campeonato Brasileiro
2026,28,832164,274,GRUPO ÚNICO,,,20001,Corinthians,,20014,Fluminense,,-  -,,,Campeonato Brasileiro
2026,28,832165,275,GRUPO ÚNICO,,,20385,Mirassol,,60175,Botafogo,,-  -,,,Campeonato Brasileiro
2026,28,832166,276,GRUPO ÚNICO,,,62194,Atlético Mineiro,,20086,Chapecoense,,-  -,,,Campeonato Brasileiro
2026,28,832167,277,GRUPO ÚNICO,,,20013,Grêmio,,20002,Palmeiras,,-  -,,,Campeonato Brasileiro
2026,28,832168,278,GRUPO ÚNICO,,,20052,Athletico Paranaense,,61377,Bahia,,-  -,,,Campeonato Brasileiro
2026,28,832169,279,GRUPO ÚNICO,,,20018,Vitória,,59849,Cruzeiro,,-  -,,,Campeonato Brasileiro
2026,28,832170,280,GRUPO ÚNICO,,,20022,Remo,,20008,Santos FC,,-  -,,,Campeonato Brasileiro
2026,29,832171,281,GRUPO ÚNICO,,,20014,Fluminense,,61590,Coritiba SAF,,-  -,,,Campeonato Brasileiro
2026,29,832172,282,GRUPO ÚNICO,,,60175,Botafogo,,60646,Vasco da Gama Saf,,-  -,,,Campeonato Brasileiro
2026,29,832173,283,GRUPO ÚNICO,,,20008,Santos FC,,20016,Flamengo,,-  -,,,Campeonato Brasileiro
2026,29,832174,284,GRUPO ÚNICO,,,20002,Palmeiras,,61377,Bahia,,-  -,,,Campeonato Brasileiro
2026,29,832175,285,GRUPO ÚNICO,,,20007,Red Bull Bragantino,,20385,Mirassol,,-  -,,,Campeonato Brasileiro
2026,29,832176,286,GRUPO ÚNICO,,,59849,Cruzeiro,,20005,São Paulo,,-  -,,,Campeonato Brasileiro
2026,29,832177,287,GRUPO ÚNICO,,,20011,Internacional,,20001,Corinthians,,-  -,,,Campeonato Brasileiro
2026,29,832178,288,GRUPO ÚNICO,,,20052,Athletico Paranaense,,62194,Atlético Mineiro,,-  -,,,Campeonato Brasileiro
2026,29,832179,289,GRUPO ÚNICO,,,20018,Vitória,,20086,Chapecoense,,-  -,,,Campeonato Brasileiro
2026,29,832180,290,GRUPO ÚNICO,,,20022,Remo,,20013,Grêmio,,-  -,,,Campeonato Brasileiro
2026,30,832181,291,GRUPO ÚNICO,,,20016,Flamengo,,20014,Fluminense,,-  -,,,Campeonato Brasileiro
2026,30,832182,292,GRUPO ÚNICO,,,60646,Vasco da Gama Saf,,20022,Remo,,-  -,,,Campeonato Brasileiro
2026,30,832183,293,GRUPO ÚNICO,,,20005,São Paulo,,20018,Vitória,,-  -,,,Campeonato Brasileiro
2026,30,832184,294,GRUPO ÚNICO,,,20002,Palmeiras,,20001,Corinthians,,-  -,,,Campeonato Brasileiro
2026,30,832185,295,GRUPO ÚNICO,,,20007,Red Bull Bragantino,,59849,Cruzeiro,,-  -,,,Campeonato Brasileiro
2026,30,832186,296,GRUPO ÚNICO,,,62194,Atlético Mineiro,,20008,Santos FC,,-  -,,,Campeonato Brasileiro
2026,30,832187,297,GRUPO ÚNICO,,,20013,Grêmio,,20011,Internacional,,-  -,,,Campeonato Brasileiro
2026,30,832188,298,GRUPO ÚNICO,,,61590,Coritiba SAF,,60175,Botafogo,,-  -,,,Campeonato Brasileiro
2026,30,832189,299,GRUPO ÚNICO,,,61377,Bahia,,20385,Mirassol,,-  -,,,Campeonato Brasileiro
2026,30,832190,300,GRUPO ÚNICO,,,20086,Chapecoense,,20052,Athletico Paranaense,,-  -,,,Campeonato Brasileiro
2026,31,832191,301,GRUPO ÚNICO,,,20014,Fluminense,,20008,Santos FC,,-  -,,,Campeonato Brasileiro
2026,31,832192,302,GRUPO ÚNICO,,,60175,Botafogo,,20086,Chapecoense,,-  -,,,Campeonato Brasileiro
2026,31,832193,303,GRUPO ÚNICO,,,20005,São Paulo,,60646,Vasco da Gama Saf,,-  -,,,Campeonato Brasileiro
2026,31,832194,304,GRUPO ÚNICO,,,20001,Corinthians,,20018,Vitória,,-  -,,,Campeonato Brasileiro
2026,31,832195,305,GRUPO ÚNICO,,,20385,Mirassol,,20011,Internacional,,-  -,,,Campeonato Brasileiro
2026,31,832196,306,GRUPO ÚNICO,,,62194,Atlético Mineiro,,61590,Coritiba SAF,,-  -,,,Campeonato Brasileiro
2026,31,832197,307,GRUPO ÚNICO,,,20013,Grêmio,,59849,Cruzeiro,,-  -,,,Campeonato Brasileiro
2026,31,832198,308,GRUPO ÚNICO,,,20052,Athletico Paranaense,,20002,Palmeiras,,-  -,,,Campeonato Brasileiro
2026,31,832199,309,GRUPO ÚNICO,,,61377,Bahia,,20016,Flamengo,,-  -,,,Campeonato Brasileiro
2026,31,832200,310,GRUPO ÚNICO,,,20022,Remo,,20007,Red Bull Bragantino,,-  -,,,Campeonato Brasileiro
2026,32,832201,311,GRUPO ÚNICO,,,20016,Flamengo,,62194,Atlético Mineiro,,-  -,,,Campeonato Brasileiro
2026,32,832202,312,GRUPO ÚNICO,,,60646,Vasco da Gama Saf,,20001,Corinthians,,-  -,,,Campeonato Brasileiro
2026,32,832203,313,GRUPO ÚNICO,,,20008,Santos FC,,61377,Bahia,,-  -,,,Campeonato Brasileiro
2026,32,832204,314,GRUPO ÚNICO,,,20002,Palmeiras,,20007,Red Bull Bragantino,,-  -,,,Campeonato Brasileiro
2026,32,832205,315,GRUPO ÚNICO,,,20385,Mirassol,,20005,São Paulo,,-  -,,,Campeonato Brasileiro
2026,32,832206,316,GRUPO ÚNICO,,,59849,Cruzeiro,,20022,Remo,,-  -,,,Campeonato Brasileiro
2026,32,832207,317,GRUPO ÚNICO,,,20011,Internacional,,60175,Botafogo,,-  -,,,Campeonato Brasileiro
2026,32,832208,318,GRUPO ÚNICO,,,61590,Coritiba SAF,,20013,Grêmio,,-  -,,,Campeonato Brasileiro
2026,32,832209,319,GRUPO ÚNICO,,,20018,Vitória,,20052,Athletico Paranaense,,-  -,,,Campeonato Brasileiro
2026,32,832210,320,GRUPO ÚNICO,,,20086,Chapecoense,,20014,Fluminense,,-  -,,,Campeonato Brasileiro
2026,33,832211,321,GRUPO ÚNICO,,,20014,Fluminense,,20011,Internacional,,-  -,,,Campeonato Brasileiro
2026,33,832212,322,GRUPO ÚNICO,,,60646,Vasco da Gama Saf,,20016,Flamengo,,-  -,,,Campeonato Brasileiro
2026,33,832213,323,GRUPO ÚNICO,,,20008,Santos FC,,20002,Palmeiras,,-  -,,,Campeonato Brasileiro
2026,33,832214,324,GRUPO ÚNICO,,,20001,Corinthians,,20385,Mirassol,,-  -,,,Campeonato Brasileiro
2026,33,832215,325,GRUPO ÚNICO,,,20007,Red Bull Bragantino,,20086,Chapecoense,,-  -,,,Campeonato Brasileiro
2026,33,832216,326,GRUPO ÚNICO,,,62194,Atlético Mineiro,,59849,Cruzeiro,,-  -,,,Campeonato Brasileiro
2026,33,832217,327,GRUPO ÚNICO,,,20013,Grêmio,,20052,Athletico Paranaense,,-  -,,,Campeonato Brasileiro
2026,33,832218,328,GRUPO ÚNICO,,,61590,Coritiba SAF,,20018,Vitória,,-  -,,,Campeonato Brasileiro
2026,33,832219,329,GRUPO ÚNICO,,,61377,Bahia,,20005,São Paulo,,-  -,,,Campeonato Brasileiro
2026,33,832220,330,GRUPO ÚNICO,,,20022,Remo,,60175,Botafogo,,-  -,,,Campeonato Brasileiro
2026,34,832221,331,GRUPO ÚNICO,,,20016,Flamengo,,20013,Grêmio,,-  -,,,Campeonato Brasileiro
2026,34,832222,332,GRUPO ÚNICO,,,60175,Botafogo,,62194,Atlético Mineiro,,-  -,,,Campeonato Brasileiro
2026,34,832223,333,GRUPO ÚNICO,,,20005,São Paulo,,20001,Corinthians,,-  -,,,Campeonato Brasileiro
2026,34,832224,334,GRUPO ÚNICO,,,20002,Palmeiras,,20022,Remo,,-  -,,,Campeonato Brasileiro
2026,34,832225,335,GRUPO ÚNICO,,,20007,Red Bull Bragantino,,20008,Santos FC,,-  -,,,Campeonato Brasileiro
2026,34,832226,336,GRUPO ÚNICO,,,59849,Cruzeiro,,61377,Bahia,,-  -,,,Campeonato Brasileiro
2026,34,832227,337,GRUPO ÚNICO,,,20011,Internacional,,61590,Coritiba SAF,,-  -,,,Campeonato Brasileiro
2026,34,832228,338,GRUPO ÚNICO,,,20052,Athletico Paranaense,,60646,Vasco da Gama Saf,,-  -,,,Campeonato Brasileiro
2026,34,832229,339,GRUPO ÚNICO,,,20018,Vitória,,20014,Fluminense,,-  -,,,Campeonato Brasileiro
2026,34,832230,340,GRUPO ÚNICO,,,20086,Chapecoense,,20385,Mirassol,,-  -,,,Campeonato Brasileiro
2026,35,832231,341,GRUPO ÚNICO,,,20016,Flamengo,,20052,Athletico Paranaense,,-  -,,,Campeonato Brasileiro
2026,35,832232,342,GRUPO ÚNICO,,,60646,Vasco da Gama Saf,,20011,Internacional,,-  -,,,Campeonato Brasileiro
2026,35,832233,343,GRUPO ÚNICO,,,20005,São Paulo,,20014,Fluminense,,-  -,,,Campeonato Brasileiro
2026,35,832234,344,GRUPO ÚNICO,,,20001,Corinthians,,60175,Botafogo,,-  -,,,Campeonato Brasileiro
2026,35,832235,345,GRUPO ÚNICO,,,20385,Mirassol,,62194,Atlético Mineiro,,-  -,,,Campeonato Brasileiro
2026,35,832236,346,GRUPO ÚNICO,,,59849,Cruzeiro,,20002,Palmeiras,,-  -,,,Campeonato Brasileiro
2026,35,832237,347,GRUPO ÚNICO,,,20013,Grêmio,,61377,Bahia,,-  -,,,Campeonato Brasileiro
2026,35,832238,348,GRUPO ÚNICO,,,61590,Coritiba SAF,,20008,Santos FC,,-  -,,,Campeonato Brasileiro
2026,35,832239,349,GRUPO ÚNICO,,,20018,Vitória,,20007,Red Bull Bragantino,,-  -,,,Campeonato Brasileiro
2026,35,832240,350,GRUPO ÚNICO,,,20022,Remo,,20086,Chapecoense,,-  -,,,Campeonato Brasileiro
2026,36,832241,351,GRUPO ÚNICO,,,20014,Fluminense,,20385,Mirassol,,-  -,,,Campeonato Brasileiro
2026,36,832242,352,GRUPO ÚNICO,,,60175,Botafogo,,20005,São Paulo,,-  -,,,Campeonato Brasileiro
2026,36,832243,353,GRUPO ÚNICO,,,20008,Santos FC,,20013,Grêmio,,-  -,,,Campeonato Brasileiro
2026,36,832244,354,GRUPO ÚNICO,,,20002,Palmeiras,,20016,Flamengo,,-  -,,,Campeonato Brasileiro
2026,36,832245,355,GRUPO ÚNICO,,,20007,Red Bull Bragantino,,60646,Vasco da Gama Saf,,-  -,,,Campeonato Brasileiro
2026,36,832246,356,GRUPO ÚNICO,,,62194,Atlético Mineiro,,20001,Corinthians,,-  -,,,Campeonato Brasileiro
2026,36,832247,357,GRUPO ÚNICO,,,20011,Internacional,,20018,Vitória,,-  -,,,Campeonato Brasileiro
2026,36,832248,358,GRUPO ÚNICO,,,20052,Athletico Paranaense,,20022,Remo,,-  -,,,Campeonato Brasileiro
2026,36,832249,359,GRUPO ÚNICO,,,61377,Bahia,,61590,Coritiba SAF,,-  -,,,Campeonato Brasileiro
2026,36,832250,360,GRUPO ÚNICO,,,20086,Chapecoense,,59849,Cruzeiro,,-  -,,,Campeonato Brasileiro
2026,37,832251,361,GRUPO ÚNICO,,,20014,Fluminense,,59849,Cruzeiro,,-  -,,,Campeonato Brasileiro
2026,37,832252,362,GRUPO ÚNICO,,,60175,Botafogo,,61377,Bahia,,-  -,,,Campeonato Brasileiro
2026,37,832253,363,GRUPO ÚNICO,,,20005,São Paulo,,20022,Remo,,-  -,,,Campeonato Brasileiro
2026,37,832254,364,GRUPO ÚNICO,,,20001,Corinthians,,20013,Grêmio,,-  -,,,Campeonato Brasileiro
2026,37,832255,365,GRUPO ÚNICO,,,20385,Mirassol,,20052,Athletico Paranaense,,-  -,,,Campeonato Brasileiro
2026,37,832256,366,GRUPO ÚNICO,,,62194,Atlético Mineiro,,60646,Vasco da Gama Saf,,-  -,,,Campeonato Brasileiro
2026,37,832257,367,GRUPO ÚNICO,,,20011,Internacional,,20007,Red Bull Bragantino,,-  -,,,Campeonato Brasileiro
2026,37,832258,368,GRUPO ÚNICO,,,61590,Coritiba SAF,,20016,Flamengo,,-  -,,,Campeonato Brasileiro
2026,37,832259,369,GRUPO ÚNICO,,,20018,Vitória,,20008,Santos FC,,-  -,,,Campeonato Brasileiro
2026,37,832260,370,GRUPO ÚNICO,,,20086,Chapecoense,,20002,Palmeiras,,-  -,,,Campeonato Brasileiro
2026,38,832261,371,GRUPO ÚNICO,,,20016,Flamengo,,20086,Chapecoense,,-  -,,,Campeonato Brasileiro
2026,38,832262,372,GRUPO ÚNICO,,,60646,Vasco da Gama Saf,,20018,Vitória,,-  -,,,Campeonato Brasileiro
2026,38,832263,373,GRUPO ÚNICO,,,20008,Santos FC,,60175,Botafogo,,-  -,,,Campeonato Brasileiro
2026,38,832264,374,GRUPO ÚNICO,,,20002,Palmeiras,,61590,Coritiba SAF,,-  -,,,Campeonato Brasileiro
2026,38,832265,375,GRUPO ÚNICO,,,20007,Red Bull Bragantino,,20014,Fluminense,,-  -,,,Campeonato Brasileiro
2026,38,832266,376,GRUPO ÚNICO,,,59849,Cruzeiro,,20011,Internacional,,-  -,,,Campeonato Brasileiro
2026,38,832267,377,GRUPO ÚNICO,,,20013,Grêmio,,20385,Mirassol,,-  -,,,Campeonato Brasileiro
2026,38,832268,378,GRUPO ÚNICO,,,20052,Athletico Paranaense,,20005,São Paulo,,-  -,,,Campeonato Brasileiro
2026,38,832269,379,GRUPO ÚNICO,,,61377,Bahia,,62194,Atlético Mineiro,,-  -,,,Campeonato Brasileiro
2026,38,832270,380,GRUPO ÚNICO,,,20022,Remo,,20001,Corinthians,,-  -,,,Campeonato Brasileiro
