season,round,match_id,date,time,home_team_id,home_team,home_team_key,away_team_id,away_team,away_team_key,home_probability,draw_probability,away_probability,predicted_result,home_probability_pct,draw_probability_pct,away_probability_pct
2026,21,832099,,,20086,Chapecoense,chapecoense,60646,Vasco da Gama Saf,vasco_da_gama,0.28220863567724347,0.2821662644490362,0.43562509987372033,AWAY,28.2,28.2,43.6
2026,29,832171,2026-10-08,21:30,20014,Fluminense,fluminense,61590,Coritiba SAF,coritiba,0.7218190199104754,0.181534720453908,0.09664625963561636,HOME,72.2,18.2,9.7
2026,29,832173,2026-10-08,19:30,20008,Santos FC,santos,20016,Flamengo,flamengo,0.36838130872329566,0.29115580853589673,0.3404628827408076,HOME,36.8,29.1,34.0
2026,29,832174,2026-10-08,21:30,20002,Palmeiras,palmeiras,61377,Bahia,bahia,0.6647608058042709,0.2099571459789275,0.12528204821680078,HOME,66.5,21.0,12.5
2026,29,832178,2026-10-08,20:00,20052,Athletico Paranaense,athletico_paranaense,62194,Atlético Mineiro,atletico_mineiro,0.485793362602504,0.2895263978496604,0.2246802395478362,HOME,48.6,29.0,22.5
2026,30,832181,2026-10-11,17:30,20016,Flamengo,flamengo,20014,Fluminense,fluminense,0.6445975680987099,0.2503265017635916,0.10507593013769828,HOME,64.5,25.0,10.5
2026,30,832182,2026-10-10,18:00,60646,Vasco da Gama Saf,vasco_da_gama,20022,Remo,remo,0.6060182740778491,0.22321490241212527,0.17076682351002473,HOME,60.6,22.3,17.1
2026,30,832183,2026-10-10,21:00,20005,São Paulo,sao_paulo,20018,Vitória,vitoria,0.48769176136880943,0.28011397352813594,0.23219426510305463,HOME,48.8,28.0,23.2
2026,30,832184,2026-10-11,17:30,20002,Palmeiras,palmeiras,20001,Corinthians,corinthians,0.683104476662336,0.23275103801186756,0.08414448532579664,HOME,68.3,23.3,8.4
2026,30,832185,2026-10-12,21:00,20007,Red Bull Bragantino,red_bull_bragantino,59849,Cruzeiro,cruzeiro,0.33467908195674023,0.31336182187886585,0.3519590961643944,AWAY,33.5,31.3,35.2
2026,30,832186,2026-10-11,16:00,62194,Atlético Mineiro,atletico_mineiro,20008,Santos FC,santos,0.4258118894102115,0.3159969972708739,0.258191113318915,HOME,42.6,31.6,25.8
2026,30,832187,2026-10-11,17:30,20013,Grêmio,gremio,20011,Internacional,internacional,0.4462065516740762,0.2978105199932478,0.25598292833267633,HOME,44.6,29.8,25.6
2026,30,832188,2026-10-12,16:00,61590,Coritiba SAF,coritiba,60175,Botafogo,botafogo,0.4145410454961133,0.2982580137042998,0.28720094079958675,HOME,41.5,29.8,28.7
2026,30,832189,2026-10-11,19:30,61377,Bahia,bahia,20385,Mirassol,mirassol,0.47269412966679786,0.30078476425626993,0.22652110607693235,HOME,47.3,30.1,22.7
2026,30,832190,2026-10-12,19:30,20086,Chapecoense,chapecoense,20052,Athletico Paranaense,athletico_paranaense,0.24853324970354518,0.3370307166189171,0.4144360336775381,AWAY,24.9,33.7,41.4
2026,31,832191,2026-10-18,16:00,20014,Fluminense,fluminense,20008,Santos FC,santos,0.4932462460615598,0.28093017775840606,0.2258235761800342,HOME,49.3,28.1,22.6
2026,31,832192,2026-10-17,18:00,60175,Botafogo,botafogo,20086,Chapecoense,chapecoense,0.7351025425450939,0.1569467131009396,0.10795074435396614,HOME,73.5,15.7,10.8
2026,31,832193,2026-10-17,21:00,20005,São Paulo,sao_paulo,60646,Vasco da Gama Saf,vasco_da_gama,0.45011242527073414,0.28714924312635376,0.2627383316029123,HOME,45.0,28.7,26.3
2026,31,832194,2026-10-19,20:00,20001,Corinthians,corinthians,20018,Vitória,vitoria,0.40894303253318753,0.3001657269714712,0.2908912404953419,HOME,40.9,30.0,29.1
2026,31,832195,2026-10-16,20:00,20385,Mirassol,mirassol,20011,Internacional,internacional,0.4730839750829572,0.26388944039636136,0.26302658452068123,HOME,47.3,26.4,26.3
2026,31,832196,2026-10-17,18:30,62194,Atlético Mineiro,atletico_mineiro,61590,Coritiba SAF,coritiba,0.5513017735536817,0.26168495112136664,0.18701327532495107,HOME,55.1,26.2,18.7
2026,31,832197,2026-10-18,16:00,20013,Grêmio,gremio,59849,Cruzeiro,cruzeiro,0.3304154867823871,0.266076222734112,0.4035082904835012,AWAY,33.0,26.6,40.4
2026,31,832198,2026-10-17,19:30,20052,Athletico Paranaense,athletico_paranaense,20002,Palmeiras,palmeiras,0.3997927130492021,0.2802927412798585,0.31991454567093885,HOME,40.0,28.0,32.0
2026,31,832199,2026-10-18,18:30,61377,Bahia,bahia,20016,Flamengo,flamengo,0.292886742649927,0.2800402361280781,0.4270730212219952,AWAY,29.3,28.0,42.7
2026,31,832200,2026-10-18,19:30,20022,Remo,remo,20007,Red Bull Bragantino,red_bull_bragantino,0.3989321558025476,0.2883682825330531,0.312699561664399,HOME,39.9,28.8,31.3
2026,32,832201,2026-10-26,20:00,20016,Flamengo,flamengo,62194,Atlético Mineiro,atletico_mineiro,0.7099422439702865,0.20208685374124563,0.08797090228846792,HOME,71.0,20.2,8.8
2026,32,832202,2026-10-24,18:30,60646,Vasco da Gama Saf,vasco_da_gama,20001,Corinthians,corinthians,0.41358129091971685,0.3102237486798077,0.2761949604004762,HOME,41.4,31.0,27.6
2026,32,832203,2026-10-24,21:00,20008,Santos FC,santos,61377,Bahia,bahia,0.42284599695222347,0.3244546700504606,0.2526993329973163,HOME,42.3,32.4,25.3
2026,32,832204,2026-10-24,18:30,20002,Palmeiras,palmeiras,20007,Red Bull Bragantino,red_bull_bragantino,0.7306233723910415,0.19346314435092318,0.07591348325803593,HOME,73.1,19.3,7.6
2026,32,832205,2026-10-24,16:30,20385,Mirassol,mirassol,20005,São Paulo,sao_paulo,0.4946947022661403,0.2620085143252354,0.2432967834086241,HOME,49.5,26.2,24.3
2026,32,832206,2026-10-23,20:00,59849,Cruzeiro,cruzeiro,20022,Remo,remo,0.7841374507547222,0.1213309686191078,0.09453158062616934,HOME,78.4,12.1,9.5
2026,32,832207,2026-10-24,16:30,20011,Internacional,internacional,60175,Botafogo,botafogo,0.3755500272991161,0.3294615177996636,0.2949884549012203,HOME,37.6,32.9,29.5
2026,32,832208,2026-10-26,19:30,61590,Coritiba SAF,coritiba,20013,Grêmio,gremio,0.48922328420951233,0.2892891315939991,0.2214875841964892,HOME,48.9,28.9,22.1
2026,32,832209,2026-10-24,16:30,20018,Vitória,vitoria,20052,Athletico Paranaense,athletico_paranaense,0.40692757007067193,0.27678269105114034,0.3162897388781873,HOME,40.7,27.7,31.6
2026,32,832210,2026-10-24,19:30,20086,Chapecoense,chapecoense,20014,Fluminense,fluminense,0.2164108159810813,0.32874468307090166,0.4548445009480178,AWAY,21.6,32.9,45.5
2026,33,832211,2026-10-28,19:30,20014,Fluminense,fluminense,20011,Internacional,internacional,0.6765903422874766,0.20689339763880527,0.11651626007371782,HOME,67.7,20.7,11.7
2026,33,832212,2026-10-29,20:00,60646,Vasco da Gama Saf,vasco_da_gama,20016,Flamengo,flamengo,0.3062993651352373,0.2461692654291558,0.44753136943560795,AWAY,30.6,24.6,44.8
2026,33,832213,2026-10-28,19:30,20008,Santos FC,santos,20002,Palmeiras,palmeiras,0.3721752869822375,0.29946552917621283,0.32835918384154966,HOME,37.2,29.9,32.8
2026,33,832214,2026-10-30,20:00,20001,Corinthians,corinthians,20385,Mirassol,mirassol,0.358128035252257,0.2836977347235408,0.35817423002420234,AWAY,35.8,28.4,35.8
2026,33,832215,2026-10-28,19:30,20007,Red Bull Bragantino,red_bull_bragantino,20086,Chapecoense,chapecoense,0.6714652460233477,0.20177546762259135,0.12675928635406009,HOME,67.1,20.2,12.7
2026,33,832216,2026-10-29,19:30,62194,Atlético Mineiro,atletico_mineiro,59849,Cruzeiro,cruzeiro,0.4237996629293458,0.26824651324251336,0.30795382382814046,HOME,42.4,26.8,30.8
2026,33,832217,2026-10-29,21:30,20013,Grêmio,gremio,20052,Athletico Paranaense,athletico_paranaense,0.35207083562560454,0.27312756717856324,0.3748015971958322,AWAY,35.2,27.3,37.5
2026,33,832218,2026-10-29,19:30,61590,Coritiba SAF,coritiba,20018,Vitória,vitoria,0.46385214185774576,0.27769967283148184,0.25844818531077235,HOME,46.4,27.8,25.8
2026,33,832219,2026-10-28,21:30,61377,Bahia,bahia,20005,São Paulo,sao_paulo,0.5788036700975435,0.28330699329323356,0.13788933660922234,HOME,57.9,28.3,13.8
2026,33,832220,2026-10-28,21:30,20022,Remo,remo,60175,Botafogo,botafogo,0.384595257917653,0.26705655372484705,0.3483481883575003,HOME,38.5,26.7,34.8
2026,34,832221,2026-11-04,19:30,20016,Flamengo,flamengo,20013,Grêmio,gremio,0.7492726401047299,0.1913159244614267,0.059411435433844036,HOME,74.9,19.1,5.9
2026,34,832222,2026-11-04,21:30,60175,Botafogo,botafogo,62194,Atlético Mineiro,atletico_mineiro,0.4609501021697979,0.24820950477580953,0.290840393054393,HOME,46.1,24.8,29.1
2026,34,832223,2026-11-04,21:30,20005,São Paulo,sao_paulo,20001,Corinthians,corinthians,0.5135389075669594,0.26264506412961214,0.22381602830342875,HOME,51.4,26.3,22.4
2026,34,832224,2026-11-05,19:30,20002,Palmeiras,palmeiras,20022,Remo,remo,0.769095030750511,0.16503854692563538,0.0658664223238541,HOME,76.9,16.5,6.6
2026,34,832225,2026-11-02,20:00,20007,Red Bull Bragantino,red_bull_bragantino,20008,Santos FC,santos,0.3729167574921311,0.27278772685696906,0.3542955156508998,HOME,37.3,27.3,35.4
2026,34,832226,2026-11-05,21:30,59849,Cruzeiro,cruzeiro,61377,Bahia,bahia,0.4820283980247873,0.2781837220663559,0.2397878799088568,HOME,48.2,27.8,24.0
2026,34,832227,2026-11-03,21:30,20011,Internacional,internacional,61590,Coritiba SAF,coritiba,0.45584928455409995,0.30086878513844545,0.24328193030745493,HOME,45.6,30.1,24.3
2026,34,832228,2026-11-04,19:30,20052,Athletico Paranaense,athletico_paranaense,60646,Vasco da Gama Saf,vasco_da_gama,0.6415603319081474,0.2239931140244964,0.1344465540673558,HOME,64.2,22.4,13.4
2026,34,832229,2026-11-06,20:00,20018,Vitória,vitoria,20014,Fluminense,fluminense,0.35570617054924736,0.2564974250124497,0.38779640443830266,AWAY,35.6,25.6,38.8
2026,34,832230,2026-11-03,19:30,20086,Chapecoense,chapecoense,20385,Mirassol,mirassol,0.3156855097281423,0.2596820501596222,0.4246324401122356,AWAY,31.6,26.0,42.5
2026,35,832231,,,20016,Flamengo,flamengo,20052,Athletico Paranaense,athletico_paranaense,0.6864892692677429,0.21914412095601582,0.09436660977624103,HOME,68.6,21.9,9.4
2026,35,832232,,,60646,Vasco da Gama Saf,vasco_da_gama,20011,Internacional,internacional,0.4570985961905859,0.29990858930316017,0.2429928145062545,HOME,45.7,30.0,24.3
2026,35,832233,,,20005,São Paulo,sao_paulo,20014,Fluminense,fluminense,0.3667878833870807,0.26848184055708846,0.3647302760558311,HOME,36.7,26.8,36.5
2026,35,832234,,,20001,Corinthians,corinthians,60175,Botafogo,botafogo,0.3886278228653781,0.30295954819092025,0.30841262894370125,HOME,38.9,30.3,30.8
2026,35,832235,,,20385,Mirassol,mirassol,62194,Atlético Mineiro,atletico_mineiro,0.465863466597111,0.2606317245140506,0.2735048088888389,HOME,46.6,26.1,27.4
2026,35,832236,,,59849,Cruzeiro,cruzeiro,20002,Palmeiras,palmeiras,0.39246894314685127,0.31498306347512267,0.29254799337802556,HOME,39.2,31.5,29.3
2026,35,832237,,,20013,Grêmio,gremio,61377,Bahia,bahia,0.3082440515688051,0.3115259697846229,0.3802299786465726,AWAY,30.8,31.2,38.0
2026,35,832238,,,61590,Coritiba SAF,coritiba,20008,Santos FC,santos,0.34899215099470304,0.2958133492038467,0.3551944998014507,AWAY,34.9,29.6,35.5
2026,35,832239,,,20018,Vitória,vitoria,20007,Red Bull Bragantino,red_bull_bragantino,0.43250090932640806,0.31619861249626124,0.251300478177331,HOME,43.3,31.6,25.1
2026,35,832240,,,20022,Remo,remo,20086,Chapecoense,chapecoense,0.49078223795677267,0.3197533831907562,0.1894643788524713,HOME,49.1,32.0,18.9
2026,36,832241,,,20014,Fluminense,fluminense,20385,Mirassol,mirassol,0.6106608597533493,0.22926132277644226,0.16007781747020824,HOME,61.1,22.9,16.0
2026,36,832242,,,60175,Botafogo,botafogo,20005,São Paulo,sao_paulo,0.5048449945854931,0.2587592330853963,0.23639577232911052,HOME,50.5,25.9,23.6
2026,36,832243,,,20008,Santos FC,santos,20013,Grêmio,gremio,0.6197836622947959,0.2641394427183766,0.11607689498682701,HOME,62.0,26.4,11.6
2026,36,832244,,,20002,Palmeiras,palmeiras,20016,Flamengo,flamengo,0.4492150323852049,0.2784702508316092,0.27231471678318614,HOME,44.9,27.8,27.2
2026,36,832245,,,20007,Red Bull Bragantino,red_bull_bragantino,60646,Vasco da Gama Saf,vasco_da_gama,0.4054328023666629,0.3262190633819117,0.268348134251426,HOME,40.5,32.6,26.8
2026,36,832246,,,62194,Atlético Mineiro,atletico_mineiro,20001,Corinthians,corinthians,0.6678032035896205,0.2234564386533293,0.10874035775704999,HOME,66.8,22.3,10.9
2026,36,832247,,,20011,Internacional,internacional,20018,Vitória,vitoria,0.43418048763044287,0.30178096755942463,0.2640385448101327,HOME,43.4,30.2,26.4
2026,36,832248,,,20052,Athletico Paranaense,athletico_paranaense,20022,Remo,remo,0.7353092761360143,0.14463925502931213,0.12005146883467323,HOME,73.5,14.5,12.0
2026,36,832249,,,61377,Bahia,bahia,61590,Coritiba SAF,coritiba,0.6796417334561758,0.20532089590171412,0.11503737064210949,HOME,68.0,20.5,11.5
2026,36,832250,,,20086,Chapecoense,chapecoense,59849,Cruzeiro,cruzeiro,0.22876164330606186,0.36169631338493863,0.4095420433090002,AWAY,22.9,36.2,41.0
2026,37,832251,,,20014,Fluminense,fluminense,59849,Cruzeiro,cruzeiro,0.4471470774754475,0.30886930134527085,0.24398362117928227,HOME,44.7,30.9,24.4
2026,37,832252,,,60175,Botafogo,botafogo,61377,Bahia,bahia,0.37858580989535623,0.3044128416571159,0.31700134844752825,HOME,37.9,30.4,31.7
2026,37,832253,,,20005,São Paulo,sao_paulo,20022,Remo,remo,0.49737426440671484,0.26845998791995745,0.23416574767332823,HOME,49.7,26.8,23.4
2026,37,832254,,,20001,Corinthians,corinthians,20013,Grêmio,gremio,0.4306216462672726,0.322823172812526,0.24655518092020212,HOME,43.1,32.3,24.7
2026,37,832255,,,20385,Mirassol,mirassol,20052,Athletico Paranaense,athletico_paranaense,0.41338679981757803,0.2636798880906837,0.3229333120917382,HOME,41.3,26.4,32.3
2026,37,832256,,,62194,Atlético Mineiro,atletico_mineiro,60646,Vasco da Gama Saf,vasco_da_gama,0.5188310058946982,0.271091589143134,0.21007740496216773,HOME,51.9,27.1,21.0
2026,37,832257,,,20011,Internacional,internacional,20007,Red Bull Bragantino,red_bull_bragantino,0.4640759383270753,0.3036600722358604,0.23226398943706483,HOME,46.4,30.4,23.2
2026,37,832258,,,61590,Coritiba SAF,coritiba,20016,Flamengo,flamengo,0.22336273668301573,0.2921561560376776,0.48448110727930743,AWAY,22.3,29.2,48.4
2026,37,832259,,,20018,Vitória,vitoria,20008,Santos FC,santos,0.3897631219370829,0.25653233719806606,0.3537045408648516,HOME,39.0,25.7,35.4
2026,37,832260,,,20086,Chapecoense,chapecoense,20002,Palmeiras,palmeiras,0.22927523213289505,0.29224457606722665,0.47848019179987905,AWAY,22.9,29.2,47.8
2026,38,832261,,,20016,Flamengo,flamengo,20086,Chapecoense,chapecoense,0.7806557017951359,0.13598444158108805,0.08335985662377605,HOME,78.1,13.6,8.3
2026,38,832262,,,60646,Vasco da Gama Saf,vasco_da_gama,20018,Vitória,vitoria,0.45829797250194565,0.3191697659306136,0.2225322615674412,HOME,45.8,31.9,22.3
2026,38,832263,,,20008,Santos FC,santos,60175,Botafogo,botafogo,0.4418741828431733,0.30519411552400744,0.2529317016328199,HOME,44.2,30.5,25.3
2026,38,832264,,,20002,Palmeiras,palmeiras,61590,Coritiba SAF,coritiba,0.6981142990431842,0.15717693072761343,0.14470877022920173,HOME,69.8,15.7,14.5
2026,38,832265,,,20007,Red Bull Bragantino,red_bull_bragantino,20014,Fluminense,fluminense,0.3293553243874452,0.2972450757964753,0.37339959981608,AWAY,32.9,29.7,37.3
2026,38,832266,,,59849,Cruzeiro,cruzeiro,20011,Internacional,internacional,0.6523384571355442,0.2290357604213962,0.11862578244305977,HOME,65.2,22.9,11.9
2026,38,832267,,,20013,Grêmio,gremio,20385,Mirassol,mirassol,0.4039609518779915,0.2508662846240269,0.3451727634979815,HOME,40.4,25.1,34.5
2026,38,832268,,,20052,Athletico Paranaense,athletico_paranaense,20005,São Paulo,sao_paulo,0.6321769303115355,0.21674877027571582,0.15107429941274778,HOME,63.2,21.7,15.1
2026,38,832269,,,61377,Bahia,bahia,62194,Atlético Mineiro,atletico_mineiro,0.46871493666483877,0.287584841159133,0.24370022217602894,HOME,46.9,28.8,24.4
2026,38,832270,,,20022,Remo,remo,20001,Corinthians,corinthians,0.4510149351921336,0.2667447720759011,0.28224029273196555,HOME,45.1,26.7,28.2
