season,team_key,team_name,simulations,expected_points,average_position,champion_probability,top4_probability,top6_probability,relegation_probability,champion_probability_pct,top4_probability_pct,top6_probability_pct,relegation_probability_pct
2026,flamengo,Flamengo,10000,78.7667,1.2841,0.7261,0.9998,1.0,0.0,72.61,99.98,100.0,0.0
2026,palmeiras,Palmeiras,10000,75.7697,1.7881,0.2714,0.9988,1.0,0.0,27.14,99.88,100.0,0.0
2026,athletico_paranaense,Athletico Paranaense,10000,64.9341,3.9488,0.0013,0.7333,0.9672,0.0,0.13,73.33,96.72,0.0
2026,fluminense,Fluminense,10000,64.7079,4.1478,0.0008,0.6719,0.9523,0.0,0.08,67.19,95.23,0.0
2026,cruzeiro,Cruzeiro,10000,61.3055,5.2203,0.0004,0.3251,0.8236,0.0,0.04,32.51,82.36,0.0
2026,bahia,Bahia,10000,60.0635,5.889,0.0,0.1913,0.684,0.0,0.0,19.13,68.4,0.0
2026,atletico_mineiro,Atlético Mineiro,10000,55.3084,7.817,0.0,0.0409,0.2479,0.0001,0.0,4.09,24.79,0.01
2026,santos,Santos FC,10000,55.1827,7.973,0.0,0.033,0.2204,0.0001,0.0,3.3,22.04,0.01
2026,red_bull_bragantino,Red Bull Bragantino,10000,50.8895,10.0853,0.0,0.0034,0.0477,0.0083,0.0,0.34,4.77,0.83
2026,botafogo,Botafogo,10000,50.0971,10.7763,0.0,0.001,0.027,0.0143,0.0,0.1,2.7,1.43
2026,sao_paulo,São Paulo,10000,48.8372,11.3283,0.0,0.0011,0.0148,0.0163,0.0,0.11,1.48,1.63
2026,coritiba,Coritiba SAF,10000,48.7844,11.6852,0.0,0.0003,0.0099,0.0193,0.0,0.03,0.99,1.93
2026,vitoria,Vitória,10000,45.736,13.4603,0.0,0.0,0.0021,0.1121,0.0,0.0,0.21,11.21
2026,mirassol,Mirassol,10000,45.3151,13.8347,0.0,0.0001,0.0016,0.1556,0.0,0.01,0.16,15.56
2026,vasco_da_gama,Vasco da Gama Saf,10000,44.466,14.2311,0.0,0.0,0.001,0.1971,0.0,0.0,0.1,19.71
2026,corinthians,Corinthians,10000,43.8624,14.5987,0.0,0.0,0.0005,0.2389,0.0,0.0,0.05,23.89
2026,internacional,Internacional,10000,40.2964,16.6207,0.0,0.0,0.0,0.6281,0.0,0.0,0.0,62.81
2026,gremio,Grêmio,10000,40.0231,16.6505,0.0,0.0,0.0,0.6346,0.0,0.0,0.0,63.46
2026,remo,Remo,10000,33.4106,18.8302,0.0,0.0,0.0,0.9759,0.0,0.0,0.0,97.59
2026,chapecoense,Chapecoense,10000,28.0064,19.8306,0.0,0.0,0.0,0.9993,0.0,0.0,0.0,99.93
